{"alpha": 0.0005482667520240365, "kernel__length_scale": 0.1927145162204036}